,id,lat,lon,Betweenness Centrality,address
0,1,41.397952,2.180042,5357.871399074706,Gran Via Corts Catalanes
1,24,41.400659,2.179111,1397.3288048248103,Marina
2,369,41.400168,2.177948,18131.018726319762,Consell de Cent
3,387,41.395796,2.178784,3817.7044618186496,Nàpols
4,426,41.398305,2.183023,1608.286560085197,Carrer de Ribes
5,2,41.39553,2.17706,0.0,Roger de Flor/ Gran Vía
6,360,41.395213,2.172984,6487.57383083015,Bailén
7,368,41.396815,2.175714,132.59487179487178,Diputació
8,414,41.393744,2.176451,1217.6229367411788,Casp
9,3,41.394072,2.183441,2545.848268949311,Nàpols
10,4,41.39347,2.18149,731.2714250899255,Ribes
11,6,41.391349,2.18061,18511.96067727681,Pg Lluís Companys
12,119,41.396684,2.182447,558.3765037865905,Sardenya
13,419,41.391299,2.180828,1113.8284027954896,Passeig de Lluís Companys
14,5,41.391075,2.180223,1940.0873015445327,Pg Lluís Companys
15,359,41.390021,2.177572,27243.948659259495,Méndez Núñez
16,7,41.388856,2.183251,1919.548384066847,Pg Lluís Companys
17,418,41.390943,2.180251,135.64055759055753,Passeig de Lluís Companys
18,8,41.389088,2.183568,10439.599975718782,Pg Lluís Companys
19,118,41.392212,2.187847,12181.811520994032,Sardenya
20,389,41.38739,2.1875,13459.974824677898,Recinte Parc de la Ciutadella
21,9,41.384532,2.184921,1306.6507606185335,Marquès de l'Argentera
22,14,41.384675,2.185039,10617.028078130554,Avinguda del Marques Argentera
23,40,41.382335,2.187093,3795.6856033558147,Doctor Aiguader
24,115,41.38377,2.18424,9522.795486951873,Marqués d'Argentera
25,390,41.386955,2.18195,2423.1504777169303,Comerç
26,11,41.381689,2.193914,3545.064281005264,Passeig Marítim
27,116,41.383718,2.191414,2752.286263687399,Salvat Papasseit
28,124,41.370297,2.187808,2458.7521032324557,Passeig Joan de Borbó
29,125,41.384426,2.195595,425.2363219997456,Passeig Maritim
30,396,41.389028,2.196844,2392.432942380546,Joan Miró
31,12,41.384538,2.195679,563.3712098467793,Pg Marítim Barceloneta
32,13,41.386861,2.195761,3367.327570052377,Avinguda Litoral
33,46,41.388359,2.193004,3546.8497194570687,Ramon trias Fargas
34,69,41.386814,2.195689,1526.1682019156399,Avda. Litoral
35,15,41.394812,2.171189,3338.4305031452477,Girona
36,23,41.392526,2.171812,9859.082275642695,Bruc
37,25,41.395179,2.168294,3490.728358563442,Bruc
38,362,41.397006,2.17057,28767.55004067326,Bailén
39,413,41.393512,2.170718,1511.291667766576,Bruc
40,16,41.39827,2.186708,2520.4486482832262,Av. Meridiana
41,17,41.398237,2.186711,91.8547619047619,Av. Meridiana
42,44,41.402165,2.187136,7186.235939413366,Av Meridiana
43,48,41.395261,2.18708,4287.662460575903,Meridiana
44,372,41.400167,2.184362,2017.0290975930127,Ribes
45,211,41.398848,2.190291,3254.504290743573,Sancho de Ávila
46,18,41.406086,2.174167,2883.1543200997635,Rosselló
47,19,41.403282,2.170726,2704.7626835802216,Rosselló
48,28,41.405422,2.17064,11346.151944149673,Sardenya
49,120,41.404666,2.176515,7951.184915232344,Lepant
50,370,41.403735,2.172987,877.6316330446643,Sardenya
51,22,41.401684,2.17568,23568.67376262205,Sardenya
52,29,41.401101,2.170082,17054.568982730292,Provença
53,20,41.410166,2.175759,13999.677921456818,Cartagena
54,21,41.410897,2.17402,1909.7011823215717,Sant Antoni Maria Claret
55,164,41.41194,2.178037,682.9672851724046,Independència
56,177,41.411089,2.181119,14188.297289396756,Rosselló
57,278,41.409815,2.171621,7726.304971203651,Travessera de Gràcia
58,363,41.39076,2.1744,11488.52094662542,Bruc
59,30,41.402046,2.182286,10936.388419969164,Diagonal
60,123,41.398013,2.166978,36237.062881663725,Girona
61,26,41.407035,2.181981,10005.980408619962,Dos Maig
62,121,41.406293,2.178689,3702.9110463069896,Castillejos
63,371,41.404027,2.181264,4165.128254728688,Carrer dels Enamorats
64,27,41.396881,2.164415,53232.163603734465,Provença
65,189,41.396918,2.166163,3154.4478054593433,Bruc
66,224,41.399945,2.164389,31511.79247304423,Girona
67,374,41.395,2.16123,53124.20070960757,Passeig de Gràcia
68,122,41.405435,2.16624,4424.574974104277,Nàpols
69,277,41.408284,2.16905,18877.81604825006,Travessera de Gràcia
70,218,41.404114,2.183203,6134.275517244154,Consell de Cent
71,31,41.37481,2.18895,969.8463490757739,Plaça del Mar
72,33,41.376862,2.190773,87.37183551742376,Pontevedra
73,39,41.381046,2.186576,2455.8316596470863,Pl. Pau Vila
74,41,41.379326,2.189906,1150.7261014564542,Pl. Poeta Boscà/Atlàntida
75,32,41.373698,2.188927,135.91666666666617,Plaça del Mar
76,400,41.36958,2.188017,136.16666666666617,Moll Oriental
77,424,41.379632,2.192662,449.2875703991938,"Passeig Marítim de la Barceloneta, devant del 5-7"
78,34,41.387074,2.175247,4142.107588865189,Sant Pere Més Alt
79,36,41.385151,2.176804,2526.9856075088883,Catedral
80,105,41.389069,2.173424,434.8600841734323,PL. Urquinaona
81,380,41.385463,2.174252,221.36001185304423,Duran i Bas
82,35,41.413592,2.221153,6023.79675745202,Sant Ramon de Penyafort
83,157,41.412947,2.217819,2025.8596531911567,C/ LLULL - RBLA. PRIM
84,158,41.411741,2.218546,1417.3716669547398,Rambla de Prim
85,159,41.410882,2.216703,1463.8288098118815,Avda. Diagonal
86,160,41.411026,2.219377,1174.7689353533078,Avda. d'Eduard Maristany
87,53,41.385227,2.173878,15.099005153431015,Pl. Carles Pi i Sunyer
88,358,41.387225,2.17927,7025.85040458027,Gombau
89,37,41.381226,2.181888,6644.64356844814,Pl. Antonio López
90,38,41.381129,2.186397,4579.12189896802,Pl. Pau Vila
91,126,41.380641,2.182243,3511.6238470102744,Passeig de Colom
92,401,41.381241,2.181838,2608.1415323901033,Pl. Antonio López (Via Laietana) annexa a la 37
93,402,41.380565,2.182119,273.6028623570641,Passeig de Colom
94,42,41.404511,2.189881,10437.161404493401,Ciutat de Granada
95,43,41.40541,2.18712,7480.393376380251,Av Meridiana
96,133,41.407411,2.192819,2649.520141709854,Gran Vía
97,286,41.403103,2.191428,7521.688589143984,Bolívia
98,45,41.391401,2.189399,758.4341812461837,Marina
99,47,41.389076,2.192104,3147.233619460668,Ramon Trias Fargas
100,392,41.390595,2.190681,5596.13374728738,Ramon Turró
101,409,41.392358,2.192478,1181.5493970434284,Joan d'Àustria
102,407,41.388471,2.192835,1688.2838706719272,Ramon Trias Fargas
103,149,41.395905,2.192958,8284.265871920625,Pujades
104,49,41.39106,2.196457,1050.9683999882272,Rosa Sensat en front
105,117,41.390666,2.197024,1099.8190759581255,Rosa Sensat
106,163,41.3942,2.20077,2297.171992124882,Avda. Icaria
107,50,41.375,2.17035,2567.5194147707607,Av. Paral.lel
108,114,41.376801,2.173039,3950.508473871086,Pl. Jean Genet
109,187,41.376858,2.169811,515.3316602576168,Carrer de Sant Pau
110,232,41.373509,2.171002,2564.337173959735,Vilà i Vilà
111,233,41.371965,2.166871,525.2782726271494,Nou de la Rambla
112,51,41.384054,2.169019,9032.401484306703,Pl. Vicenç Martorell
113,55,41.381154,2.173497,8823.671120226336,La Rambla
114,58,41.382822,2.167154,4761.580504058113,Plaça dels Àngels
115,59,41.382781,2.167203,87.04166666666666,Plaça dels Àngels
116,63,41.386439,2.169417,99.63585858585861,Pl. Catalunya
117,395,41.386009,2.170212,23.1,Pl. Catalunya
118,54,41.377635,2.170586,5153.374242610748,Sant Oleguer
119,388,41.380593,2.167418,14447.618100893633,Riera Alta
120,415,41.379374,2.168921,1563.668743771832,Rambla del Raval
121,378,41.378516,2.176716,99.89564324564324,Pl.Joaquim Xira i Palau
122,379,41.381709,2.177308,8325.7009676652,Pl. Sant Miquel
123,56,41.377011,2.175834,2921.006289018909,Portal de Santa Madrona
124,57,41.376758,2.177093,1673.7956654456655,La Rambla
125,425,41.37652,2.1749,1132.7661061161061,Carrer de Cervelló
126,361,41.376292,2.178553,1228.0,Passeig de Colom
127,381,41.381607,2.167667,4687.6221707247805,Agustí Duran i Sanpere
128,60,41.390349,2.16424,12975.575644014622,Rambla Catalunya
129,61,41.390143,2.164946,1555.887509317299,Rambla Catalunya
130,66,41.389097,2.167933,816.6132469193188,Gran Via
131,80,41.389687,2.159999,11494.848114326122,Enric Granados
132,364,41.39324,2.16343,14611.13022589645,Passeig de Gràcia
133,287,41.389171,2.168113,1248.5662205348283,Gran Via
134,62,41.387142,2.168858,361.0903900447377,Pl. Catalunya
135,64,41.387469,2.169048,325.96226468173916,Pl. Catalunya
136,65,41.387678,2.169587,401.82768274604257,Pl. Catalunya
137,79,41.38547,2.16333,794.2724234052574,Pl. Universitat
138,67,41.385012,2.145843,11936.72626840462,Rocafort
139,75,41.385081,2.142868,24430.42340975931,Josep Tarradellas
140,87,41.383156,2.148506,1896.8825754943762,Mallorca
141,89,41.387953,2.150169,17503.33910033418,Rosselló
142,365,41.387499,2.14702,20508.30757705767,Viladomat
143,68,41.395364,2.157356,8006.281583151297,Rambla Catalunya
144,72,41.392716,2.158811,23444.393341236995,Provença
145,73,41.392278,2.156183,22249.267663585888,Enric Granados
146,92,41.39386,2.160237,20339.596740757148,Provença
147,397,41.388894,2.199334,1184.6296837405828,Av. Del Litoral
148,70,41.380347,2.160695,4379.499994223993,Comte Urgell
149,71,41.381931,2.162969,13532.821282670748,Floridablanca
150,91,41.380452,2.158403,2674.980101295194,Comte Borrell
151,113,41.37742,2.1647,9787.580921435178,Sant Pau
152,261,41.382206,2.160644,6233.240632925558,Villarroel
153,78,41.385598,2.16338,1824.4476231617462,Pl. Universitat
154,148,41.378436,2.163324,15802.085159011009,Ronda Sant Pau
155,76,41.391751,2.153123,39028.93147925417,Còrsega
156,74,41.390062,2.143272,3009.0299978856333,Josep Tarradellas
157,101,41.39243,2.14321,7641.968683157105,Av. Diagonal
158,102,41.39218,2.14213,3220.5790648162356,Av. Diagonal
159,109,41.390981,2.14737,6819.512277790596,C/ Londres
160,366,41.393037,2.14358,9562.778717256315,Pau Casals
161,99,41.380632,2.141548,11781.08576817508,Viriat
162,197,41.387295,2.141539,9552.444146774393,Gelabert
163,88,41.393547,2.150764,7425.215825615715,Londres
164,90,41.38834,2.150825,21739.41361982655,Rosselló
165,209,41.385755,2.161004,15051.137962302175,Diputació
166,406,41.386512,2.164597,996.4095645746847,Gran Via de Les Corts Catalanes
167,385,41.387978,2.155266,1673.1668666515827,Casanova
168,394,41.38733,2.16305,2.892857142857143,Diputació
169,81,41.378915,2.149174,8879.672319164785,Vilamarí davant
170,82,41.379016,2.153799,10550.301006796777,Rocafort
171,95,41.376428,2.147734,8247.343187860624,Tarragona
172,97,41.378124,2.145389,8129.518067287242,Tarragona
173,384,41.380708,2.146793,977.5663303957482,Vilamarí
174,111,41.381231,2.152755,1758.7302810838316,Calabria
175,112,41.377644,2.15725,7186.947718764118,Floridablanca
176,83,41.384075,2.153654,1766.5500003424495,Comte Borrell
177,110,41.385377,2.154878,7016.084186157742,Avda. Roma
178,84,41.383047,2.157033,2197.211058514325,Comte d'Urgell
179,85,41.375076,2.159046,1433.7757192198135,Paral·lel
180,129,41.37709,2.16124,2233.1341461076245,Manso
181,235,41.375065,2.165839,261.06727804345905,Paral.lel
182,236,41.375127,2.152769,1067.3774808524809,Avinguda Paral.lel
183,86,41.37544,2.163,40.78619933293568,Viladomat
184,373,41.375073,2.161305,39.04905171271989,Av. Paral.lel
185,191,41.382564,2.149094,1644.3828230548588,Rocafort
186,220,41.396229,2.151482,1814.6786059502458,Tuset
187,350,41.391833,2.14812,2714.5528965633,Villarroel
188,93,41.375454,2.149786,94.07456065817912,Gran Via
189,94,41.375619,2.149889,1835.3294528232564,Gran Via
190,96,41.374152,2.148154,2714.3828847787668,Gran Via
191,420,41.374213,2.148082,3662.7040605980146,Gran Via
192,186,41.375571,2.143812,2315.455196953945,Consell de Cent
193,100,41.379135,2.14409,2539.3439955054278,Tarragona
194,98,41.380499,2.141153,2980.1433148222814,Viriat
195,421,41.377845,2.13923,9527.747785680032,Plaça de Joan Peiró
196,195,41.381888,2.135433,4184.895652672868,Vallespir
197,319,41.393713,2.145584,3325.9594144844373,Saguès
198,103,41.409856,2.188217,7863.583299220464,Aragó
199,104,41.410821,2.187365,10575.053593176526,C/València
200,127,41.412322,2.19142,14726.593048836883,Aragó
201,132,41.408439,2.192173,5080.942161733512,Pl. Valentí Amirall
202,412,41.389012,2.172667,738.440092558455,Pl. Urquinaona
203,106,41.405587,2.162317,3408.7129782718625,Pl. Joanic
204,108,41.402314,2.164961,19065.01183199503,Indústria
205,226,41.403465,2.161096,16559.90824622018,Montmany
206,231,41.407202,2.163476,25890.862721139107,Pi i Margall
207,107,41.398298,2.153128,10244.739279924484,Travessera de Gracia
208,219,41.397812,2.147585,6541.407374336857,Carre Laforja
209,223,41.398311,2.159865,7791.426204490982,Carrer de Bonavista
210,262,41.379821,2.152496,23.686904761904753,Rocafort
211,427,41.375336,2.168007,7076.206391568366,Carrer de Sant Pau
212,398,41.381011,2.193502,167.30402001911432,Passeig Marítim de la Barceloneta
213,377,41.37747,2.183737,7.285281385281385,Pl. Ictíneo
214,128,41.415581,2.19581,6089.308458426929,Rambla Guipúscoa
215,238,41.415684,2.190986,5086.8360439484295,Espronceda
216,130,41.419905,2.201573,5470.824280977888,Rambla Guipúscoa
217,135,41.411908,2.197936,5093.518293553409,Gran Vía
218,131,41.422808,2.206036,978.0089409792365,Rambla Guipúscoa
219,139,41.418035,2.206023,1199.110368229102,Gran Vía
220,316,41.422212,2.198316,26.031592934069714,Cantàbria
221,317,41.425566,2.200693,129.07449780802813,Rambla Prim
222,141,41.40902,2.194896,6799.244036935962,Gran Via
223,134,41.411433,2.198735,0.0,Bac de Roda
224,136,41.414226,2.201734,673.1380370931853,Gran Vía
225,145,41.40982,2.202904,3154.4331281414275,Pere IV
226,137,41.414758,2.201538,3054.094887506807,"Gran Vía, 1041/ Selva de Mar"
227,138,41.416966,2.205397,433.8792540660494,Gran Vía
228,146,41.415191,2.207111,3534.890783079031,Pere IV
229,147,41.416018,2.212658,2805.7424725006636,Rambla Prim
230,140,41.38063,2.15614,0.0,Viladomat
231,142,41.400503,2.192511,3336.032762879374,Sancho de Ávila
232,143,41.40325,2.19606,7638.245865672532,Sancho de Ávila
233,144,41.40562,2.19764,2534.892888154429,Castella
234,152,41.39925,2.197421,1536.3596554832748,Pujades
235,153,41.401778,2.200769,3913.1572093745394,Pujades
236,428,41.398389,2.196261,3602.7435839550967,Carrer Pujades
237,150,41.406549,2.203112,3594.9471649546376,Espronceda
238,156,41.409017,2.20881,5151.559768113864,Diagonal
239,154,41.402454,2.201656,3675.570064971141,Pujades
240,155,41.406977,2.207602,4622.381044409717,Pujades
241,151,41.40065,2.19719,0.0,Pallars
242,393,41.402177,2.197653,222.83918335708802,Llacuna
243,165,41.399196,2.204253,4062.5638824431385,Carrer del Doctor Trueta
244,382,41.403938,2.204188,351.6390995609306,Lope de Vega
245,162,41.403908,2.208436,2927.8298503364363,Ramon Turro
246,161,41.395009,2.196308,3885.4270469599905,Ramon Turro
247,166,41.400533,2.206539,2409.045353371694,Bilbao
248,167,41.402561,2.210538,351.69860532467567,Bac de Roda
249,168,41.405358,2.213677,524.2410109937355,Selva de Mar
250,172,41.391831,2.203436,806.862694786706,Passeig Marítim de la Nova Icària
251,280,41.413986,2.177842,6679.15169312612,Sant Antoni Mª Claret
252,173,41.398027,2.208982,1994.4104103633313,Avda. Litoral
253,174,41.40061,2.210461,299.412113462817,Passeig de Garcia Fària
254,176,41.402541,2.212641,14.311178069242583,Passeig de Garcia Fària
255,178,41.405389,2.216212,165.77020290265872,Passeig de Garcia Fària
256,169,41.389896,2.200055,1001.6160393907431,Avda. Litoral
257,170,41.389732,2.199934,269.0994779395586,Avda. Litoral
258,171,41.391986,2.203699,1441.5324695297377,Passeig Marítim de la Nova Icària
259,190,41.39606,2.207803,79.86321449792041,Avinguda Litoral
260,175,41.40666,2.20956,0.0,Llull / Provençals
261,179,41.363511,2.13677,665.5764597461747,Pg. Zona Franca
262,184,41.367504,2.134088,422.75134282520804,Quetzal
263,351,41.362135,2.135637,357.12781991344303,Jane Addams
264,352,41.36335,2.134144,1810.0902069204906,Radi
265,404,41.365374,2.133087,3155.4082164123874,Juan Gris
266,180,41.36778,2.13926,4239.58467615853,Gran Via
267,181,41.36766,2.13911,592.3724312705463,Gran Via
268,182,41.371455,2.143882,3410.0709065444353,Gran Via
269,183,41.372338,2.141875,2360.091350448329,Gavà
270,185,41.37046,2.138994,4412.03986032813,Gavà
271,210,41.37453,2.142356,6824.049735049876,Vilardell
272,416,41.378134,2.16965,185.52862475752838,Rambla del Raval
273,188,41.375471,2.135543,4647.475836764722,Pl. Sants (Ps. S. Antoni)
274,313,41.375366,2.129847,690.6361979251301,Feliu de Casanova
275,354,41.37592,2.13008,2132.5057509525786,Rambla del Brasil
276,192,41.378629,2.133467,2773.74332370279,Joan Güell
277,193,41.381311,2.128912,3280.9556820593916,Figols
278,194,41.381013,2.132319,2301.342710490893,Joan Güell
279,314,41.37836,2.129737,310.4004017681765,Rambla del Brasil
280,199,41.38182,2.126933,2259.5854095332193,Mejía Lequerica
281,312,41.379046,2.123253,3455.2347958488954,Arizala
282,196,41.383241,2.139363,3556.606705005288,Berlín
283,200,41.383756,2.131273,2151.072487104024,Can bruixa
284,367,41.385057,2.137331,576.1471327730301,Sentmenat
285,201,41.387787,2.134341,6987.102698441178,Numància
286,198,41.384426,2.133682,1717.7795777443168,Vallespir
287,205,41.387465,2.130838,655.950025269968,Europa
288,202,41.385331,2.128737,1437.9190337921875,Carrer de les Corts
289,206,41.389845,2.13284,6080.1945662794515,Avda. Diagonal
290,207,41.390828,2.136665,5261.70364594214,Avda. Diagonal
291,208,41.391451,2.139116,9172.363772563698,Avda. Diagonal
292,203,41.388742,2.128503,1095.4977835246564,Avda. Diagonal
293,204,41.388011,2.125593,6892.827601013999,Avda. Diagonal
294,212,41.39239,2.130945,11761.198595575494,Av. Sarrià
295,284,41.389503,2.131454,4680.275681182102,Ada. Diagonal
296,325,41.39493,2.130325,11084.015579594616,Alt de Gironella
297,213,41.393783,2.135078,1447.9478379583268,Sant Fe de Nou Mèxic
298,214,41.395251,2.133541,2542.310521701135,José de Agulló
299,215,41.39412,2.138146,1430.5282289386544,Carrer de Ganduxer
300,324,41.396938,2.136258,922.5200917383885,Reina Victoria
301,216,41.396809,2.144534,758.4770104384179,Madrazo
302,217,41.398463,2.143924,2087.5687944256247,Rector Ubach
303,221,41.402535,2.152519,2530.688941503842,Gran de Gràcia
304,222,41.40124,2.157483,3826.333491904207,Carrer del Canó
305,229,41.405107,2.156874,3564.278252753843,Carrer de la Santacreu
306,230,41.405986,2.151633,11961.214720604,C. De Nil Fabra
307,225,41.38482,2.15057,3006.195114779992,Mallorca
308,227,41.407837,2.158678,6563.535321719569,Torrent de Les Flors
309,228,41.40694,2.155794,7477.070083908875,Pl. Del Nord
310,276,41.412163,2.165275,20365.959801328972,Plaça Alfons X el Savi / Ronda del Guinardó
311,234,41.371515,2.162166,2500.5673798423795,Passeig de l'Exposició
312,237,41.372891,2.154471,35.40360195360196,Rius i Taulet
313,240,41.417763,2.187558,2388.4298063985657,Josep Estivill
314,248,41.418208,2.190374,4430.054870848315,Palència
315,289,41.416828,2.191022,4817.2730781924,Múrcia
316,239,41.417323,2.184534,3158.722825129485,Indústria
317,241,41.419337,2.180482,7987.106899423804,Teodor Llorente
318,315,41.415617,2.181966,5852.15677293548,Guinardó
319,242,41.424451,2.177284,12136.061453837132,Ramon Albó
320,243,41.423939,2.181298,8961.895285642362,Alenxadre Galí
321,244,41.426896,2.178511,11384.010918280386,Felip II
322,291,41.425897,2.17505,5597.1396340222,Cubelles
323,247,41.421992,2.184806,2906.345697853942,Felipe II
324,251,41.425405,2.185226,783.1043875230177,Cardenal Tedeschini
325,300,41.431593,2.176909,10865.055153415278,Carrer de Maladeta
326,246,41.422844,2.186637,1765.5798639600173,Garcilaso
327,249,41.425216,2.188997,677.283446884465,Açores
328,250,41.425905,2.19115,1344.3963203463154,Portugal
329,423,41.420201,2.189532,260.79358349147725,Carrer d'Hondures
330,391,41.422873,2.191204,10187.993024918442,Sagrera
331,252,41.429953,2.193185,9604.498837532288,Rambla Onze de Setembre
332,253,41.429977,2.191821,3742.454315992054,Onze de Setembre
333,254,41.429985,2.190163,5382.295131705377,Gran de Sant Andreu
334,255,41.431183,2.185852,6958.291965317441,Irlanda
335,274,41.430071,2.18473,1420.0408157133315,Rambla Fabra i Puig
336,256,41.435998,2.189524,5858.988095238095,Malats
337,259,41.439109,2.185818,5375.5,Carrer de Bartrina
338,285,41.436708,2.186059,437.9166666666668,Malats
339,257,41.433897,2.189614,0.0,Sant Adrià
340,258,41.442167,2.193032,847.4,Fernando Pessoa
341,263,41.437814,2.191039,3202.966666666667,Pg.Torras i Bages
342,267,41.443395,2.190623,4519.066666666666,Passeig Torras i Bages
343,260,41.43618,2.192952,952.6333333333332,Plaça de l'Estació
344,264,41.439949,2.197033,2050.133333333333,República Dominicana
345,268,41.445705,2.192892,1678.3333333333333,Fernando Pessoa
346,344,41.443127,2.199538,1611.4666666666667,Ciutat d'Asunción
347,265,41.385397,2.158743,0.0,Casanovas
348,266,41.426841,2.184238,0.0,Concepció Arenal
349,271,41.450634,2.192335,820.6666666666666,Via Barcino
350,269,41.448128,2.192826,3.333333333333333,Via Barcino
351,270,41.448628,2.18976,0.6666666666666666,Crta. de Ribes (Trinitat Vella)
352,272,41.432552,2.18429,1146.4272336904462,Concepció Arenal
353,273,41.430404,2.183382,128.53333333333404,Avda. Meridiana
354,298,41.43463,2.181747,6902.255398243133,Andreu Nin
355,275,41.430693,2.182225,1837.138880673667,Rio de Janeiro
356,318,41.413406,2.171331,19447.621488711946,Cartagena
357,279,41.415951,2.174564,19237.247270316446,Mas Casanovas
358,281,41.418088,2.176313,17528.880332072415,Escornalbou
359,282,41.427561,2.166022,1902.2586094846124,Font d'en Fargas
360,292,41.430036,2.171974,1590.6419428179452,Amilcar
361,293,41.428388,2.163101,5.65,Granollers
362,295,41.43345,2.1715,2335.267218969216,Sant Iscle
363,283,41.42968,2.16157,0.0,Carrer Fulton
364,288,41.429636,2.174487,0.0,Pl. Virrei Amat
365,290,41.437094,2.174047,155.84201736654074,Plaça dels Jardins d'Alfàbia
366,294,41.436373,2.170678,10.733333333333334,Seu del Districte (Nou Barris)
367,299,41.433965,2.175199,1077.9502761512788,Carrer de l'Escultor Ordóñez
368,301,41.437053,2.169644,839.2249254514011,Marie Curie
369,296,41.436505,2.183877,6371.570307283523,Carrer de Rosselló i Porcel
370,297,41.438864,2.176822,114.31666666666668,Carrer Turó Blau
371,302,41.39065,2.111615,0.0,Cavallers
372,303,41.393341,2.115076,0.0,Cavallers
373,304,41.390208,2.121029,686.8572936840394,Manuel Girona
374,335,41.393639,2.123224,1572.9375580395397,Santa Amèlia
375,336,41.395274,2.120973,1602.8199118080415,Caponata
376,305,41.387498,2.123637,255.82313569207145,Diagonal
377,306,41.385465,2.122912,2694.8645015003485,Doctor Salvador Cardenal
378,310,41.381223,2.119077,2481.0765338056035,Josep Samitier
379,307,41.379135,2.113505,6.6822510822510806,Pintor Ribalta
380,308,41.376788,2.113864,0.0,Cardenal Reig
381,309,41.37674,2.116973,71.2628387602527,Sant Ramón Nonat
382,311,41.378638,2.120393,2142.7846907163444,Gallego-Arístides Maillol
383,353,41.375414,2.123191,425.1681578278063,Munné
384,320,41.401118,2.147989,0.0,Vía Augusta
385,321,41.403054,2.144549,7098.638118482543,Carrer de Sant Hermenegild
386,322,41.400977,2.13907,968.0642492960336,Santaló
387,326,41.407384,2.1383,52.9952380952381,Balmes
388,323,41.397996,2.138717,120.2252896810766,Vallmajor
389,328,41.40293,2.13427,5010.880916315676,Artesa de Segre
390,331,41.39706,2.12801,7204.448557586218,Castellnou
391,333,41.395632,2.125106,3074.43020540741,Passatge de Senillosa
392,327,41.405,2.13453,2490.1735559857857,Reus
393,330,41.400587,2.130658,2219.640565256634,Doctor Carulla
394,329,41.402879,2.128541,4868.019868159867,Carrer de les Escoles Pies
395,332,41.399822,2.12809,7501.518681977806,Doctor Roux
396,334,41.400722,2.123268,861.2528777711541,Via Augusta
397,337,41.398719,2.120422,386.980786292556,Carme Karr
398,338,41.397572,2.119506,386.980786292556,Avinguda de J.Foix
399,339,41.401662,2.205277,0.0,Ramon Turró
400,340,41.436145,2.204634,411.0,Sant Adrià
401,341,41.434191,2.205886,0.0,Passeig Enric Sanchís
402,343,41.438886,2.199598,1011.4000000000001,Campana de la Maquinista
403,342,41.403502,2.193702,0.0,Roc Boronat
404,345,41.363093,2.139771,1741.6666666666665,Pl. Teresa de Claramunt
405,346,41.360654,2.139132,1285.5388467532189,Carrer de la Foneria
406,347,41.359496,2.14182,0.3333333333333333,Alts Forns
407,348,41.357067,2.141563,0.3333333333333333,Jardins de Can Ferrero
408,349,41.357338,2.137172,3.4999999999999996,Carrer de l'Energia
409,355,41.37211,2.12859,0.0,Carreras i Candi
410,356,41.413425,2.163411,44.03835025128128,Camèlies
411,357,41.410538,2.1581,0.0,Cardener
412,376,41.371663,2.180302,206.0,World Trade Center
413,410,41.376433,2.17871,205.33333333333334,"Passeig de Colom, s/n"
414,375,41.372154,2.180701,22.276617826617823,World Trade Center
415,386,41.375086,2.156848,0.0,Av.Paral.lel
416,405,41.38551,2.152,0.0,Comte Borrell
417,408,41.388609,2.19231,0.0,"Villena, 11"
418,451,41.37445,2.159668,69.83333333333333,(PK) C/ JAUME FABRA
419,453,41.379563,2.16204,80.83333333333333,(PK) C/ URGELL
420,452,41.398747,2.186289,184.16666666666669,(PK) C/ PADILLA
421,459,41.393941,2.181443,161.16666666666669,(PK) C/ D'ALÍ BEI
422,476,41.402459,2.19042,103.0,(PK) C/ DE BADAJOZ
423,480,41.381516,2.170239,99.83333333333334,(PK) C/ DELS FLORISTES DE LA RAMBLA
424,454,41.402448,2.204131,13.0,(PK) C/ BILBAO
425,469,41.404362,2.197132,74.0,(PK) RAMBLA DEL POBLENOU
426,455,41.388966,2.19917,0.0,(PK) AV. DEL LITORAL
427,467,41.38582,2.194135,60.0,(PK) C/ DEL DR. AIGUADER
428,479,41.387298,2.196595,0.0,(PK) C/ DE LA MARINA
429,456,41.389853,2.128581,6.0,(PK) C/ DE FLOS I CALCAT
430,458,41.384344,2.122085,13.5,(PK) AV. JOAN XXIII
431,470,41.397921,2.125411,29.5,(PK) C/ CARDENAL DE SENTMENAT
432,457,41.401519,2.134235,28.0,(PK) C/ DE JOSEP BALARÍ
433,465,41.40542,2.142456,23.0,(PK) RDA. DEL GENERAL MITRE
434,471,41.39415,2.114973,14.0,(PK) C/ MARQUÈS DE MULHACÉN
435,492,41.394232,2.175278,161.16666666666669,PL. DE TETUAN
436,460,41.385702,2.177316,152.0,(PK) AV. FRANCESC CAMBÓ
437,485,41.389914,2.173239,172.16666666666669,(PK) PLAÇA URQUINAONA
438,493,41.38186,2.177086,194.83333333333331,PL. SANT MIQUEL
439,461,41.384111,2.14274,43.166666666666664,(PK) AV. JOSEP TARRADELLAS
440,481,41.383036,2.150337,47.666666666666664,(PK) C/ DE VALÈNCIA
441,462,41.390125,2.143221,4.333333333333333,(PK) AV. JOSEP TARRADELLAS
442,487,41.38921,2.154,5.0,(PK) PL. DE FERRER I CAJIGAL
443,463,41.375244,2.169795,2.0,(PK) C/ DE L´ABAT SAFONT
444,464,41.427727,2.177205,0.0,"(PK) C/ DE RAMON ALBÓ, 77s"
445,468,41.430201,2.187974,0.0,(PK) C/ DE LES MONGES
446,488,41.423976,2.184391,2.0,(PK) C/ DE CIENFUEGOS
447,472,41.407353,2.151341,14.0,(PK) C/ DEL TORRENT DE L´OLLA
448,466,41.415745,2.180684,0.0,(PK) PG. MARAGALL
449,475,41.408528,2.169385,19.0,(PK) C/ DE LA MARINA
450,474,41.3989,2.153668,9.0,(PK) PL. GAL·LA PLACÍDIA
451,473,41.404459,2.214978,1.0,(PK) PG. DE GARCIA FÀRIA
452,482,41.41306,2.22123,2.0,(PK) PL. D'ERNEST LLUCH I MARTIN
453,483,41.401752,2.160748,3.0,(PK) C/ DE SIRACUSA
454,496,41.404871,2.175141,28.0,C/ DE PROVENÇA
455,477,41.376648,2.178745,121.0,(PK) PG. DE COLOM
456,478,41.3798,2.1891,87.0,(PK) C/ DEL BALUARD
457,495,41.377191,2.149283,55.83333333333333,C/ DIPUTACIÓ - TARRAGONA
458,489,41.409532,2.188282,13.0,(PK) PLAÇA CANONGE RODÓ
459,484,41.388101,2.166997,0.0,(PK) RAMBLA CATALUNYA - RDA. UNIVERSITAT
460,494,41.389481,2.165357,0.0,RAMBLA CATALUNYA
461,486,41.396934,2.159445,0.0,(PK) PG. DE GRÀCIA - DIAGONAL
462,491,41.37252,2.12898,0.0,(PK) C/ DE CARRERAS I CANDI
